rate,income_per_month,subject_CS,subject_EE(Electrical ),subject_EE(Electronic),subject_ME
0.26013299085723596,0.1227890827436136,1.0,0.0,0.0,0.0
1.474086948191004,0.041406529493403954,0.0,1.0,0.0,0.0
0.780398972571708,1.0585081292718734,0.0,0.0,1.0,0.0
-0.9538209664765319,0.7653145585521374,1.0,0.0,0.0,0.0
